{
    "RA": "02h23m11.5s",
    "DEC": "+42d59m30s",
    "log10_dist": 1.9755447815530847,
    "log10_freq": -7.218963061378868,
    "log10_Mc": 8.718764005203223,
    "log10_Mc_sigma": 0.3
}