{
    "RA": "16h33m02.664s",
    "DEC": "+23d49m28.52s",
    "log10_dist": 3.7216457662897464,
    "log10_freq": -7.94692155651658,
    "log10_Mc": 9.86,
    "log10_Mc_sigma": 0.5
}