{
    "RA": "16h33m02.7s",
    "DEC": "+23d49m28.8s",
    "log10_dist": 3.7212601818369353,
    "log10_freq": -7.94692155651658,
    "log10_Mc": 9.498764005203222,
    "log10_Mc_sigma": 0.3
}