{
    "RA": "10h05m13.927s",
    "DEC": "-07d43m06.983s",
    "log10_dist": 0.9833988901150436,
    "log10_freq": -7.795880017344075,
    "log10_Mc": 8.939794000867204,
    "log10_Mc_sigma": 0.5
}