{
    "RA": "08h54m48.9s",
    "DEC": "+20d06m31s",
    "log10_dist": 3.2063584825007037,
    "log10_freq": -8.235077015350111,
    "log10_Mc": 8.997701353663757,
    "log10_Mc_sigma": 0.3
}