{
    "RA": "08h05m12.888s",
    "DEC": "-01d11m13.795s",
    "log10_dist": 4.004177688776811,
    "log10_freq": -7.728158393463501,
    "log10_Mc": 9.4,
    "log10_Mc_sigma": 0.3
}