{
    "RA": "21h34m10.309s",
    "DEC": "-01d53m17.238s",
    "log10_dist": 3.9626112473971142,
    "log10_freq": -7.886056647693163,
    "log10_Mc": 9.3,
    "log10_Mc_sigma": 0.3
}