{
    "RA": "14h07m04.5s",
    "DEC": "+27d35m56.3s",
    "log10_dist": 4.254803946916141,
    "log10_freq": -7.8297382846050425,
    "log10_Mc": 9.578764005203222,
    "log10_Mc_sigma": 0.3
}