{
    "RA": "16h07m30.3s",
    "DEC": "+14d49m04.2s",
    "log10_dist": 4.144228537341387,
    "log10_freq": -7.872895201635193,
    "log10_Mc": 9.458764005203223,
    "log10_Mc_sigma": 0.3
}