{
    "RA": "09h29m11.3s",
    "DEC": "+20d37m09.2s",
    "log10_dist": 4.158245579061376,
    "log10_freq": -7.886056647693163,
    "log10_Mc": 9.558764005203223,
    "log10_Mc_sigma": 0.3
}