{
    "RA": "11h48m57.4s",
    "DEC": "+16d00m22.7s",
    "log10_dist": 3.936377274835147,
    "log10_freq": -7.903089986991944,
    "log10_Mc": 9.538764005203223,
    "log10_Mc_sigma": 0.3
}