{
    "RA": "16h44m52.7s",
    "DEC": "+43d07m52.9s",
    "log10_dist": 4.117290030023934,
    "log10_freq": -7.935542010773082,
    "log10_Mc": 9.788764005203223,
    "log10_Mc_sigma": 0.3
}