{
    "RA": "13h17m06.2s",
    "DEC": "+27d14m16.7s",
    "log10_dist": 4.353000376794032,
    "log10_freq": -7.856985199745905,
    "log10_Mc": 8.988764005203222,
    "log10_Mc_sigma": 0.6
}