{
    "RA": "13h35m16.1s",
    "DEC": "+18d33m41.8s",
    "log10_dist": 3.9219488143320915,
    "log10_freq": -7.872895201635193,
    "log10_Mc": 9.398764005203223,
    "log10_Mc_sigma": 0.3
}